Description,Price(N),url
"        Lenovo Laptop Computer for Business and Student, 15.6"" FHD, Intel Dual Core Processor, 32GB DDR4 RAM, 1TB PCIe SSD, WiFi 6, Bluetooth 5.2, Type-C, HDMI, Numeric Keypad, Black, Windows 11 Home       ","682,327",https://www.amazon.com/Lenovo-Computer-Business-Processor-Bluetooth/dp/B0FZSXX51M/ref=sr_1_1?crid=FMW5KOURJI5N&dib=eyJ2IjoiMSJ9.RSlx16ZhW1Eq97XynOsA7EdJZOHhTHE_fgJ1qqNeW_uU09hTRBcI25SzM6AsLwhC8hDB8aK6sa7p28wipEzMlnY-Crh5WqUxi0IMZ4hYK4TJzifWxrfscY3YxnriCg8zGEK4EvUoyk_liT_mjpsLw9td5SHzORWcxJC9tgHP6F12jkm-m_GD973LTdru5STmSV70IOkmYmuiSc4fk70HIoQ16RQ6plc6fobJSCkDJSY.gNQGmxetP3yCfdSFiIVPPdyKDkyVFH4lanwkP4LYkdw&dib_tag=se&keywords=laptops&qid=1765732495&sprefix=%2Caps%2C4207&sr=8-1
"        Lenovo Laptop Computer for Business and Student, Intel Dual Core Processor, 15.6"" FHD, 8GB DDR4 RAM, 256GB PCIe SSD, WiFi 6, Bluetooth 5.2, Type-C, HDMI, Numeric Keypad, Black, Windows 11 Home       ","511,741",https://www.amazon.com/Lenovo-Computer-Business-Processor-Bluetooth/dp/B0FT4C8W26/ref=sr_1_2?crid=FMW5KOURJI5N&dib=eyJ2IjoiMSJ9.RSlx16ZhW1Eq97XynOsA7EdJZOHhTHE_fgJ1qqNeW_uU09hTRBcI25SzM6AsLwhC8hDB8aK6sa7p28wipEzMlnY-Crh5WqUxi0IMZ4hYK4TJzifWxrfscY3YxnriCg8zGEK4EvUoyk_liT_mjpsLw9td5SHzORWcxJC9tgHP6F12jkm-m_GD973LTdru5STmSV70IOkmYmuiSc4fk70HIoQ16RQ6plc6fobJSCkDJSY.gNQGmxetP3yCfdSFiIVPPdyKDkyVFH4lanwkP4LYkdw&dib_tag=se&keywords=laptops&qid=1765732495&sprefix=%2Caps%2C4207&sr=8-2
"        HP 15.6 inch Laptop, HD Touchscreen Display, AMD Ryzen 3 7320U, 8 GB RAM, 128 GB SSD, AMD Radeon Graphics, Windows 11 Home in S Mode, Natural Silver, 15- fc0099nr       ","463,417",https://www.amazon.com/HP-Touchscreen-Display-Graphics-fc0099nr/dp/B0DZQCTH92/ref=sr_1_3?crid=FMW5KOURJI5N&dib=eyJ2IjoiMSJ9.RSlx16ZhW1Eq97XynOsA7EdJZOHhTHE_fgJ1qqNeW_uU09hTRBcI25SzM6AsLwhC8hDB8aK6sa7p28wipEzMlnY-Crh5WqUxi0IMZ4hYK4TJzifWxrfscY3YxnriCg8zGEK4EvUoyk_liT_mjpsLw9td5SHzORWcxJC9tgHP6F12jkm-m_GD973LTdru5STmSV70IOkmYmuiSc4fk70HIoQ16RQ6plc6fobJSCkDJSY.gNQGmxetP3yCfdSFiIVPPdyKDkyVFH4lanwkP4LYkdw&dib_tag=se&keywords=laptops&qid=1765732495&sprefix=%2Caps%2C4207&sr=8-3
"        HP Ultrabook 15.6"" Business Laptop Computer with Microsoft 365 • 2025/2026 Edition • Copilot AI • Intel 4-Core N200 CPU • 1.1TB Storage (1TB OneDrive + 128GB UFS) • 8GB RAM • Win 11 • w/o Mouse       ","542,757",https://www.amazon.com/HP-Ultrabook-Business-Computer-Microsoft/dp/B0FVG5T51K/ref=sr_1_4?crid=FMW5KOURJI5N&dib=eyJ2IjoiMSJ9.RSlx16ZhW1Eq97XynOsA7EdJZOHhTHE_fgJ1qqNeW_uU09hTRBcI25SzM6AsLwhC8hDB8aK6sa7p28wipEzMlnY-Crh5WqUxi0IMZ4hYK4TJzifWxrfscY3YxnriCg8zGEK4EvUoyk_liT_mjpsLw9td5SHzORWcxJC9tgHP6F12jkm-m_GD973LTdru5STmSV70IOkmYmuiSc4fk70HIoQ16RQ6plc6fobJSCkDJSY.gNQGmxetP3yCfdSFiIVPPdyKDkyVFH4lanwkP4LYkdw&dib_tag=se&keywords=laptops&qid=1765732495&sprefix=%2Caps%2C4207&sr=8-4
"        HP 14 Laptop, Intel Celeron N4020, 4 GB RAM, 64 GB Storage, 14-inch Micro-edge HD Display, Windows 11 Home, Thin & Portable, 4K Graphics, One Year of Microsoft 365 (14-dq0040nr, Snowflake White)       ","253,979",https://www.amazon.com/HP-Micro-edge-Microsoft-14-dq0040nr-Snowflake/dp/B0947BJ67M/ref=sr_1_5?crid=FMW5KOURJI5N&dib=eyJ2IjoiMSJ9.RSlx16ZhW1Eq97XynOsA7EdJZOHhTHE_fgJ1qqNeW_uU09hTRBcI25SzM6AsLwhC8hDB8aK6sa7p28wipEzMlnY-Crh5WqUxi0IMZ4hYK4TJzifWxrfscY3YxnriCg8zGEK4EvUoyk_liT_mjpsLw9td5SHzORWcxJC9tgHP6F12jkm-m_GD973LTdru5STmSV70IOkmYmuiSc4fk70HIoQ16RQ6plc6fobJSCkDJSY.gNQGmxetP3yCfdSFiIVPPdyKDkyVFH4lanwkP4LYkdw&dib_tag=se&keywords=laptops&qid=1765732495&sprefix=%2Caps%2C4207&sr=8-5
"        HP Flagship 17 Touchscreen Laptop Computer - 17.3"" Anti-Glare HD+ Display, Windows 11 Pro, Copilot, AMD Ryzen 5 7430U (up to 4.3GHz), Backlit Keyboard, Wi-Fi 6, Fast Charge | 16GB RAM + 1TB SSD       ","682,327",https://www.amazon.com/HP-Flagship-17-Touchscreen-Laptop/dp/B0FY2YPKCT/ref=sr_1_6?crid=FMW5KOURJI5N&dib=eyJ2IjoiMSJ9.RSlx16ZhW1Eq97XynOsA7EdJZOHhTHE_fgJ1qqNeW_uU09hTRBcI25SzM6AsLwhC8hDB8aK6sa7p28wipEzMlnY-Crh5WqUxi0IMZ4hYK4TJzifWxrfscY3YxnriCg8zGEK4EvUoyk_liT_mjpsLw9td5SHzORWcxJC9tgHP6F12jkm-m_GD973LTdru5STmSV70IOkmYmuiSc4fk70HIoQ16RQ6plc6fobJSCkDJSY.gNQGmxetP3yCfdSFiIVPPdyKDkyVFH4lanwkP4LYkdw&dib_tag=se&keywords=laptops&qid=1765732495&sprefix=%2Caps%2C4207&sr=8-6
"        ASUS Vivobook S 15 Laptop 2024 15.6” 3K 2880 x 1620 120hz Intel Core Ultra 7 Processor 155H, 16-core, Intel ARC Graphics, 16GB 1TB SSD, Backlit Keyboard, Thunderbolt 4, Wi-Fi 6E, Windows 10 Home       ","604,788",https://www.amazon.com/ASUS-Vivobook-Processor-Graphics-Thunderbolt/dp/B0G38GFZWD/ref=sr_1_8?crid=FMW5KOURJI5N&dib=eyJ2IjoiMSJ9.RSlx16ZhW1Eq97XynOsA7EdJZOHhTHE_fgJ1qqNeW_uU09hTRBcI25SzM6AsLwhC8hDB8aK6sa7p28wipEzMlnY-Crh5WqUxi0IMZ4hYK4TJzifWxrfscY3YxnriCg8zGEK4EvUoyk_liT_mjpsLw9td5SHzORWcxJC9tgHP6F12jkm-m_GD973LTdru5STmSV70IOkmYmuiSc4fk70HIoQ16RQ6plc6fobJSCkDJSY.gNQGmxetP3yCfdSFiIVPPdyKDkyVFH4lanwkP4LYkdw&dib_tag=se&keywords=laptops&qid=1765732495&sprefix=%2Caps%2C4207&sr=8-8
"        Apple 2025 MacBook Air 13-inch Laptop with M4 chip: Built for Apple Intelligence, 13.6-inch Liquid Retina Display, 16GB Unified Memory, 256GB SSD Storage, 12MP Center Stage Camera, Touch ID; Midnight       ","(None,)",https://www.amazon.com/Apple-2025-MacBook-13-inch-Laptop/dp/B0DZD9S5GC/ref=sr_1_9?crid=FMW5KOURJI5N&dib=eyJ2IjoiMSJ9.RSlx16ZhW1Eq97XynOsA7EdJZOHhTHE_fgJ1qqNeW_uU09hTRBcI25SzM6AsLwhC8hDB8aK6sa7p28wipEzMlnY-Crh5WqUxi0IMZ4hYK4TJzifWxrfscY3YxnriCg8zGEK4EvUoyk_liT_mjpsLw9td5SHzORWcxJC9tgHP6F12jkm-m_GD973LTdru5STmSV70IOkmYmuiSc4fk70HIoQ16RQ6plc6fobJSCkDJSY.gNQGmxetP3yCfdSFiIVPPdyKDkyVFH4lanwkP4LYkdw&dib_tag=se&keywords=laptops&qid=1765732495&sprefix=%2Caps%2C4207&sr=8-9
"        SGIN 15.6 Inch Laptop Computer, Win 11 Laptops with 16GB RAM 1024GB SSD, Core i3 CPU(Up to 3.9GHz), Backlit Keyboard, 53.2WH Battery, WiFi 6, IPS FHD Display, 180° Viewing, HDMI, Type-C       ","414,010",https://www.amazon.com/SGIN-Computer-Laptops-Backlit-Keyboard/dp/B0FPFJP94Q/ref=sr_1_10?crid=FMW5KOURJI5N&dib=eyJ2IjoiMSJ9.RSlx16ZhW1Eq97XynOsA7EdJZOHhTHE_fgJ1qqNeW_uU09hTRBcI25SzM6AsLwhC8hDB8aK6sa7p28wipEzMlnY-Crh5WqUxi0IMZ4hYK4TJzifWxrfscY3YxnriCg8zGEK4EvUoyk_liT_mjpsLw9td5SHzORWcxJC9tgHP6F12jkm-m_GD973LTdru5STmSV70IOkmYmuiSc4fk70HIoQ16RQ6plc6fobJSCkDJSY.gNQGmxetP3yCfdSFiIVPPdyKDkyVFH4lanwkP4LYkdw&dib_tag=se&keywords=laptops&qid=1765732495&sprefix=%2Caps%2C4207&sr=8-10
"        HP Chromebook 14 Laptop, Intel Celeron N4120, 4 GB RAM, 64 GB eMMC, 14"" HD Display, Chrome OS, Thin Design, 4K Graphics, Long Battery Life, Ash Gray Keyboard (14a-na0226nr, 2022, Mineral Silver)       ","238,246",https://www.amazon.com/HP-Chromebook-Graphics-Keyboard-14a-na0226nr/dp/B09SVSBVP1/ref=sr_1_11?crid=FMW5KOURJI5N&dib=eyJ2IjoiMSJ9.RSlx16ZhW1Eq97XynOsA7EdJZOHhTHE_fgJ1qqNeW_uU09hTRBcI25SzM6AsLwhC8hDB8aK6sa7p28wipEzMlnY-Crh5WqUxi0IMZ4hYK4TJzifWxrfscY3YxnriCg8zGEK4EvUoyk_liT_mjpsLw9td5SHzORWcxJC9tgHP6F12jkm-m_GD973LTdru5STmSV70IOkmYmuiSc4fk70HIoQ16RQ6plc6fobJSCkDJSY.gNQGmxetP3yCfdSFiIVPPdyKDkyVFH4lanwkP4LYkdw&dib_tag=se&keywords=laptops&qid=1765732495&sprefix=%2Caps%2C4207&sr=8-11
"        Lenovo IdeaPad 1 Student Laptop, 15.6"" FHD Display, Intel Dual Core Processor, 12GB RAM, 512GB SSD + 128GB eMMC, 1 Year Office 365, Wi-Fi 6, Webcam, Bluetooth, SD Card Reader, Windows 11 Home, Grey       ","467,848",https://www.amazon.com/Lenovo-IdeaPad-Student-Processor-Bluetooth/dp/B0CF62H34N/ref=sxin_18_pa_sp_search_thematic-asin_sspa?content-id=amzn1.sym.9341b41d-a858-4de0-8c89-09fc24f138ea%3Aamzn1.sym.9341b41d-a858-4de0-8c89-09fc24f138ea&crid=FMW5KOURJI5N&cv_ct_cx=laptops&keywords=laptops&pd_rd_i=B0CF62H34N&pd_rd_r=aac7f1f3-6f28-4550-8560-b2314800dd0b&pd_rd_w=RbIiM&pd_rd_wg=EQfTA&pf_rd_p=9341b41d-a858-4de0-8c89-09fc24f138ea&pf_rd_r=VK95XP0Y60QBJT681MTF&qid=1765732495&sbo=RZvfv%2F%2FHxDF%2BO5021pAnSA%3D%3D&sprefix=%2Caps%2C4207&sr=1-1-baa1f287-65d3-41a3-a655-8bbba0531537-spons&aref=NYFgCD6F8u&sp_csd=d2lkZ2V0TmFtZT1zcF9zZWFyY2hfdGhlbWF0aWM&psc=1
"        Lenovo V-Series V15 Business Laptop, 15.6"" FHD Display, AMD Ryzen 7 7730U, 40GB RAM, 1TB SSD, Numeric Keypad, HDMI, RJ45, Webcam, Wi-Fi, Windows 11 Pro, Black       ","942,815",https://www.amazon.com/Lenovo-V15-Business-Display-Numeric/dp/B0D3JLHQ8K/ref=sxin_18_pa_sp_search_thematic-asin_sspa?content-id=amzn1.sym.9341b41d-a858-4de0-8c89-09fc24f138ea%3Aamzn1.sym.9341b41d-a858-4de0-8c89-09fc24f138ea&crid=FMW5KOURJI5N&cv_ct_cx=laptops&keywords=laptops&pd_rd_i=B0D3JLHQ8K&pd_rd_r=aac7f1f3-6f28-4550-8560-b2314800dd0b&pd_rd_w=RbIiM&pd_rd_wg=EQfTA&pf_rd_p=9341b41d-a858-4de0-8c89-09fc24f138ea&pf_rd_r=VK95XP0Y60QBJT681MTF&qid=1765732495&sbo=RZvfv%2F%2FHxDF%2BO5021pAnSA%3D%3D&sprefix=%2Caps%2C4207&sr=1-2-baa1f287-65d3-41a3-a655-8bbba0531537-spons&aref=PUq7uEv2LC&sp_csd=d2lkZ2V0TmFtZT1zcF9zZWFyY2hfdGhlbWF0aWM&psc=1
"        HP 14"" Ultral Light Laptop for Students and Business, Intel Quad-Core, 8GB RAM, 192GB Storage(64GB eMMC+128GB Ghost Manta SD Card), 1 Year Office 365, USB C, Win 11 S       ","392,219",https://www.amazon.com/HP-Students-Business-Quad-Core-Storage/dp/B0B2D77YB8/ref=sxin_18_pa_sp_search_thematic-asin_sspa?content-id=amzn1.sym.9341b41d-a858-4de0-8c89-09fc24f138ea%3Aamzn1.sym.9341b41d-a858-4de0-8c89-09fc24f138ea&crid=FMW5KOURJI5N&cv_ct_cx=laptops&keywords=laptops&pd_rd_i=B0B2D77YB8&pd_rd_r=aac7f1f3-6f28-4550-8560-b2314800dd0b&pd_rd_w=RbIiM&pd_rd_wg=EQfTA&pf_rd_p=9341b41d-a858-4de0-8c89-09fc24f138ea&pf_rd_r=VK95XP0Y60QBJT681MTF&qid=1765732495&sbo=RZvfv%2F%2FHxDF%2BO5021pAnSA%3D%3D&sprefix=%2Caps%2C4207&sr=1-3-baa1f287-65d3-41a3-a655-8bbba0531537-spons&aref=lG9MjFSLtP&sp_csd=d2lkZ2V0TmFtZT1zcF9zZWFyY2hfdGhlbWF0aWM&psc=1
"        Acer Aspire Go 15 AI Ready Laptop, 15.6"" FHD (1920 x 1080) IPS Display, AMD Ryzen 7 5825U, AMD Radeon Graphics, 16GB DDR4, 512GB PCIe Gen4 SSD, Wi-Fi 6, Windows 11 Home, AG15-42P-R3NB       ","697,291",https://www.amazon.com/Aspire-Display-Graphics-Windows-AG15-42P-R3NB/dp/B0DTB4R3VP/ref=sxin_18_pa_sp_search_thematic-asin_sspa?content-id=amzn1.sym.9341b41d-a858-4de0-8c89-09fc24f138ea%3Aamzn1.sym.9341b41d-a858-4de0-8c89-09fc24f138ea&crid=FMW5KOURJI5N&cv_ct_cx=laptops&keywords=laptops&pd_rd_i=B0DTB4R3VP&pd_rd_r=aac7f1f3-6f28-4550-8560-b2314800dd0b&pd_rd_w=RbIiM&pd_rd_wg=EQfTA&pf_rd_p=9341b41d-a858-4de0-8c89-09fc24f138ea&pf_rd_r=VK95XP0Y60QBJT681MTF&qid=1765732495&sbo=RZvfv%2F%2FHxDF%2BO5021pAnSA%3D%3D&sprefix=%2Caps%2C4207&sr=1-4-baa1f287-65d3-41a3-a655-8bbba0531537-spons&aref=Li62iBPELP&sp_csd=d2lkZ2V0TmFtZT1zcF9zZWFyY2hfdGhlbWF0aWM&psc=1
"        Laptop Computer, Gaming Laptop 2025 Windows 11 Pro, 16 Inch Lap Top PC, 16GB RAM 512GB SSD, Intel 12th Gen N95 Processor(up to 3.4GHz), Backlit Keyboard, Fingerprint Unlock, FHD 1920 * 1200       ","508,437",https://www.amazon.com/FUNYET-Computer-Processor-Fingerprint-Keyboard/dp/B0CGRTXH96/ref=sxin_18_pa_sp_search_thematic-asin_sspa?content-id=amzn1.sym.9341b41d-a858-4de0-8c89-09fc24f138ea%3Aamzn1.sym.9341b41d-a858-4de0-8c89-09fc24f138ea&crid=FMW5KOURJI5N&cv_ct_cx=laptops&keywords=laptops&pd_rd_i=B0CGRTXH96&pd_rd_r=aac7f1f3-6f28-4550-8560-b2314800dd0b&pd_rd_w=RbIiM&pd_rd_wg=EQfTA&pf_rd_p=9341b41d-a858-4de0-8c89-09fc24f138ea&pf_rd_r=VK95XP0Y60QBJT681MTF&qid=1765732495&sbo=RZvfv%2F%2FHxDF%2BO5021pAnSA%3D%3D&sprefix=%2Caps%2C4207&sr=1-5-baa1f287-65d3-41a3-a655-8bbba0531537-spons&aref=bKRCe6GmT7&sp_csd=d2lkZ2V0TmFtZT1zcF9zZWFyY2hfdGhlbWF0aWM&psc=1
"        HP 15.6 inch Laptop, HD Touchscreen Display, AMD Ryzen 5 7520U, 8 GB RAM, 512 GB SSD, AMD Radeon Graphics, Windows 11 Home, Natural Silver, 15-fc0499nr       ","403,186",https://www.amazon.com/HP-Touchscreen-Display-Graphics-15-fc0499nr/dp/B0DWPKQ3LH/ref=sr_1_19?crid=FMW5KOURJI5N&dib=eyJ2IjoiMSJ9.RSlx16ZhW1Eq97XynOsA7EdJZOHhTHE_fgJ1qqNeW_uU09hTRBcI25SzM6AsLwhC8hDB8aK6sa7p28wipEzMlnY-Crh5WqUxi0IMZ4hYK4TJzifWxrfscY3YxnriCg8zGEK4EvUoyk_liT_mjpsLw9td5SHzORWcxJC9tgHP6F12jkm-m_GD973LTdru5STmSV70IOkmYmuiSc4fk70HIoQ16RQ6plc6fobJSCkDJSY.gNQGmxetP3yCfdSFiIVPPdyKDkyVFH4lanwkP4LYkdw&dib_tag=se&keywords=laptops&qid=1765732495&sprefix=%2Caps%2C4207&sr=8-19
"        Lenovo V15 Gen 4 Business Laptop, 15.6"" FHD Display, Intel Core i5-13420H (Beat i7-1355U), HDMI, RJ45, Webcam, Numeric Keypad, Wi-Fi, Windows 11 Pro, Black (16GB RAM | 512GB SSD)       ","660,987",https://www.amazon.com/Lenovo-V15-Business-i5-13420H-i7-1355U/dp/B0D1YQJKY2/ref=sr_1_18?crid=FMW5KOURJI5N&dib=eyJ2IjoiMSJ9.RSlx16ZhW1Eq97XynOsA7EdJZOHhTHE_fgJ1qqNeW_uU09hTRBcI25SzM6AsLwhC8hDB8aK6sa7p28wipEzMlnY-Crh5WqUxi0IMZ4hYK4TJzifWxrfscY3YxnriCg8zGEK4EvUoyk_liT_mjpsLw9td5SHzORWcxJC9tgHP6F12jkm-m_GD973LTdru5STmSV70IOkmYmuiSc4fk70HIoQ16RQ6plc6fobJSCkDJSY.gNQGmxetP3yCfdSFiIVPPdyKDkyVFH4lanwkP4LYkdw&dib_tag=se&keywords=laptops&qid=1765732495&sprefix=%2Caps%2C4207&sr=8-18
"        SGIN 15.6 Inch Laptop Computer, Windows 11 Laptops with 16GB RAM 1024GB SSD, Celeron N5100, WiFi 6, IPS FHD, 180° Viewing, 53.2WH Battery, HDMI, Cooling Fan, for Business and Students       ","479,383",https://www.amazon.com/SGIN-Computer-Windows-Business-Students/dp/B0FVSX4XFZ/ref=sr_1_7_sspa?crid=FMW5KOURJI5N&dib=eyJ2IjoiMSJ9.RSlx16ZhW1Eq97XynOsA7EdJZOHhTHE_fgJ1qqNeW_uU09hTRBcI25SzM6AsLwhC8hDB8aK6sa7p28wipEzMlnY-Crh5WqUxi0IMZ4hYK4TJzifWxrfscY3YxnriCg8zGEK4EvUoyk_liT_mjpsLw9td5SHzORWcxJC9tgHP6F12jkm-m_GD973LTdru5STmSV70IOkmYmuiSc4fk70HIoQ16RQ6plc6fobJSCkDJSY.gNQGmxetP3yCfdSFiIVPPdyKDkyVFH4lanwkP4LYkdw&dib_tag=se&keywords=laptops&qid=1765732495&sprefix=%2Caps%2C4207&sr=8-7-spons&sp_csd=d2lkZ2V0TmFtZT1zcF9tdGY&psc=1
"        HP Latest Stream 14"" HD Laptop, Intel Celeron Processor, 4GB Memory, 64GB eMMC Storage, Fast Charge, HDMI, Up to 11 Hours Long Battery Life, Office 365 1-Year, Win 11 S, Microfiber Bundle, White       ","252,351",https://www.amazon.com/HP-Laptop-Celeron-Processor-Microfiber/dp/B0C5S8626M/ref=sr_1_16?crid=FMW5KOURJI5N&dib=eyJ2IjoiMSJ9.RSlx16ZhW1Eq97XynOsA7EdJZOHhTHE_fgJ1qqNeW_uU09hTRBcI25SzM6AsLwhC8hDB8aK6sa7p28wipEzMlnY-Crh5WqUxi0IMZ4hYK4TJzifWxrfscY3YxnriCg8zGEK4EvUoyk_liT_mjpsLw9td5SHzORWcxJC9tgHP6F12jkm-m_GD973LTdru5STmSV70IOkmYmuiSc4fk70HIoQ16RQ6plc6fobJSCkDJSY.gNQGmxetP3yCfdSFiIVPPdyKDkyVFH4lanwkP4LYkdw&dib_tag=se&keywords=laptops&qid=1765732495&sprefix=%2Caps%2C4207&sr=8-16
        HP Ultrabook Laptop with Copilot AI & Office 365 • Intel High Performance CPU • 8GB RAM • 1.3TB Storage (320GB SSD and 1TB OneDrive) • Windows 11 w/o Earbuds       ,"403,186",https://www.amazon.com/HP-Ultrabook-Copilot-Performance-OneDrive/dp/B0FX3GZMMW/ref=sr_1_15?crid=FMW5KOURJI5N&dib=eyJ2IjoiMSJ9.RSlx16ZhW1Eq97XynOsA7EdJZOHhTHE_fgJ1qqNeW_uU09hTRBcI25SzM6AsLwhC8hDB8aK6sa7p28wipEzMlnY-Crh5WqUxi0IMZ4hYK4TJzifWxrfscY3YxnriCg8zGEK4EvUoyk_liT_mjpsLw9td5SHzORWcxJC9tgHP6F12jkm-m_GD973LTdru5STmSV70IOkmYmuiSc4fk70HIoQ16RQ6plc6fobJSCkDJSY.gNQGmxetP3yCfdSFiIVPPdyKDkyVFH4lanwkP4LYkdw&dib_tag=se&keywords=laptops&qid=1765732495&sprefix=%2Caps%2C4207&sr=8-15
"        HP 17.3 inch Laptop, HD+ Display, AMD Ryzen 5 7520U, 16 GB RAM, 512 GB SSD, AMD Radeon Graphics, Windows 11 Home, Natural Silver, 17-cp2199nr       ","542,757",https://www.amazon.com/HP-Display-Graphics-Windows-17-cp2199nr/dp/B0DWPQDLM5/ref=sr_1_14?crid=FMW5KOURJI5N&dib=eyJ2IjoiMSJ9.RSlx16ZhW1Eq97XynOsA7EdJZOHhTHE_fgJ1qqNeW_uU09hTRBcI25SzM6AsLwhC8hDB8aK6sa7p28wipEzMlnY-Crh5WqUxi0IMZ4hYK4TJzifWxrfscY3YxnriCg8zGEK4EvUoyk_liT_mjpsLw9td5SHzORWcxJC9tgHP6F12jkm-m_GD973LTdru5STmSV70IOkmYmuiSc4fk70HIoQ16RQ6plc6fobJSCkDJSY.gNQGmxetP3yCfdSFiIVPPdyKDkyVFH4lanwkP4LYkdw&dib_tag=se&keywords=laptops&qid=1765732495&sprefix=%2Caps%2C4207&sr=8-14
"        2025 17.6 Inch Laptop Computer with Office 365, 16GB RAM 640GB Storage, N5095 CPU, Windows 11, WiFi 6, Bluetooth 5.2, Backlit keyboard, Portable Thin Business Student Laptops for Work, School, Travel       ","624,655",https://www.amazon.com/Computer-Bluetooth-keyboard-Portable-Business/dp/B0G2GS5XRT/ref=sr_1_13?crid=FMW5KOURJI5N&dib=eyJ2IjoiMSJ9.RSlx16ZhW1Eq97XynOsA7EdJZOHhTHE_fgJ1qqNeW_uU09hTRBcI25SzM6AsLwhC8hDB8aK6sa7p28wipEzMlnY-Crh5WqUxi0IMZ4hYK4TJzifWxrfscY3YxnriCg8zGEK4EvUoyk_liT_mjpsLw9td5SHzORWcxJC9tgHP6F12jkm-m_GD973LTdru5STmSV70IOkmYmuiSc4fk70HIoQ16RQ6plc6fobJSCkDJSY.gNQGmxetP3yCfdSFiIVPPdyKDkyVFH4lanwkP4LYkdw&dib_tag=se&keywords=laptops&qid=1765732495&sprefix=%2Caps%2C4207&sr=8-13
"        Rechargeable Presentation Clicker with Case, Power Digital Display Wireless Presenter Remote, USB C Red Light Pointer Computer PowerPoint PPT Clickers for Mac Laptop, Slideshow Google Slide Advancer       ","37,756",https://www.amazon.com/Rechargeable-Presentation-Presenter-PowerPoint-Slideshow/dp/B0F4MH87R8/ref=sr_1_22_sspa?crid=FMW5KOURJI5N&dib=eyJ2IjoiMSJ9.RSlx16ZhW1Eq97XynOsA7EdJZOHhTHE_fgJ1qqNeW_uU09hTRBcI25SzM6AsLwhC8hDB8aK6sa7p28wipEzMlnY-Crh5WqUxi0IMZ4hYK4TJzifWxrfscY3YxnriCg8zGEK4EvUoyk_liT_mjpsLw9td5SHzORWcxJC9tgHP6F12jkm-m_GD973LTdru5STmSV70IOkmYmuiSc4fk70HIoQ16RQ6plc6fobJSCkDJSY.gNQGmxetP3yCfdSFiIVPPdyKDkyVFH4lanwkP4LYkdw&dib_tag=se&keywords=laptops&qid=1765732495&sprefix=%2Caps%2C4207&sr=8-22-spons&sp_csd=d2lkZ2V0TmFtZT1zcF9idGY&psc=1
"        Dell Chromebook 11 3100 11.6"" Chromebook - 1366 x 768 - Celeron N4020-4 GB RAM - 16 GB Flash Memory - Chrome OS - Intel HD Graphics - English (US) Keyboard - Bluetooth (Renewed)       ","333,572",https://www.amazon.com/Dell-Chromebook-3100-11-6-Bluetooth/dp/B08SHN3TZP/ref=sr_1_36?crid=FMW5KOURJI5N&dib=eyJ2IjoiMSJ9.Xhu9PVv2plBFhffYDVXbnRevWTYWqeLBWCk4w_85liP4RKb5o9bW34Fa07t3nusCHMFb5pu_LLKmSvGgTGWiVu92pUqI_v7qh78wG1DjU9Y7a0tyrOcn2mOTkJFPz3TYJtrzELwyV1Z2mcNLuJEbaAFn3HPR9Ddvkokx4MFgpPXdayxIQEdzv4sPvJLzw0zSjeUHtSFQ8K-6jLScp1-3KVMCZLIGzMUjq4c3MLFN0gM.u7W5hf2_TkeOmEZ5E-1UBnPwvGVv9UBr5BA1EUBwK34&dib_tag=se&keywords=laptops&qid=1765732586&sprefix=%2Caps%2C4207&sr=8-36&xpid=ptZgsUpiQnze5
"        Alienware 16 Aurora Gaming Laptop AC16250-16"" WQXGA 120Hz Display, Intel Core 7-240H Processor, 16GB DDR5 RAM, 1TB SSD, NVIDIA GeForce RTX 5050 8GB Graphics, Windows 11 Home, Onsite Service - Blue       ","1,810,074",https://www.amazon.com/Alienware-AC16250-16-Display-Processor-Graphics/dp/B0BXFKXG6N/ref=sr_1_35?crid=FMW5KOURJI5N&dib=eyJ2IjoiMSJ9.Xhu9PVv2plBFhffYDVXbnRevWTYWqeLBWCk4w_85liP4RKb5o9bW34Fa07t3nusCHMFb5pu_LLKmSvGgTGWiVu92pUqI_v7qh78wG1DjU9Y7a0tyrOcn2mOTkJFPz3TYJtrzELwyV1Z2mcNLuJEbaAFn3HPR9Ddvkokx4MFgpPXdayxIQEdzv4sPvJLzw0zSjeUHtSFQ8K-6jLScp1-3KVMCZLIGzMUjq4c3MLFN0gM.u7W5hf2_TkeOmEZ5E-1UBnPwvGVv9UBr5BA1EUBwK34&dib_tag=se&keywords=laptops&qid=1765732586&sprefix=%2Caps%2C4207&sr=8-35&xpid=ptZgsUpiQnze5
        240W ADP-240EB B Charger Compatible with Asus Rog Zephyrus G14 GA402 GA402R GA402X GA402RJ GA402RK GA402NU GA402XV GA402XI GA402XZ GA402XY Tuf Gaming Laptop Power Supply Cord       ,"76,979",https://www.amazon.com/ADP-240EB-Charger-Zephyrus-GA402RJ-GA402RK/dp/B0F7KB2HJ9/ref=sr_1_21_sspa?crid=FMW5KOURJI5N&dib=eyJ2IjoiMSJ9.RSlx16ZhW1Eq97XynOsA7EdJZOHhTHE_fgJ1qqNeW_uU09hTRBcI25SzM6AsLwhC8hDB8aK6sa7p28wipEzMlnY-Crh5WqUxi0IMZ4hYK4TJzifWxrfscY3YxnriCg8zGEK4EvUoyk_liT_mjpsLw9td5SHzORWcxJC9tgHP6F12jkm-m_GD973LTdru5STmSV70IOkmYmuiSc4fk70HIoQ16RQ6plc6fobJSCkDJSY.gNQGmxetP3yCfdSFiIVPPdyKDkyVFH4lanwkP4LYkdw&dib_tag=se&keywords=laptops&qid=1765732495&sprefix=%2Caps%2C4207&sr=8-21-spons&sp_csd=d2lkZ2V0TmFtZT1zcF9idGY&psc=1
        120W Laptop ChargerCompatible with MSI GE60 GE70 GF63 GP62 GV15 GE60 Thin 10SC 11UC MS-16R5 A12-120P1A A15-120P1A ADP-120MH D adp-120vh d chicony a17-120p2a 12th 13th14 15 Gaming Power Supply       ,"56,641",https://www.amazon.com/A12-120P1A-A15-120P1A-ADP-120MH-adp-120vh-a17-120p2a/dp/B0D6G9QRCV/ref=sr_1_20_sspa?crid=FMW5KOURJI5N&dib=eyJ2IjoiMSJ9.RSlx16ZhW1Eq97XynOsA7EdJZOHhTHE_fgJ1qqNeW_uU09hTRBcI25SzM6AsLwhC8hDB8aK6sa7p28wipEzMlnY-Crh5WqUxi0IMZ4hYK4TJzifWxrfscY3YxnriCg8zGEK4EvUoyk_liT_mjpsLw9td5SHzORWcxJC9tgHP6F12jkm-m_GD973LTdru5STmSV70IOkmYmuiSc4fk70HIoQ16RQ6plc6fobJSCkDJSY.gNQGmxetP3yCfdSFiIVPPdyKDkyVFH4lanwkP4LYkdw&dib_tag=se&keywords=laptops&qid=1765732495&sprefix=%2Caps%2C4207&sr=8-20-spons&sp_csd=d2lkZ2V0TmFtZT1zcF9idGY&psc=1
"        SGIN Windows 11 Laptop, 18.5 Inch Laptops with 16GB RAM 1024GB SSD, Office 365, Celeron N5095 Quad-Core(Up to 2.9GHz), Cooling Fan, WiFi 6, 8000mAh, HDMI, Business Student Computer for Work, School       ","1,815,885",https://www.amazon.com/SGIN-Windows-Quad-Core-Business-Computer/dp/B0G13TDX6L/ref=sr_1_34?crid=FMW5KOURJI5N&dib=eyJ2IjoiMSJ9.Xhu9PVv2plBFhffYDVXbnRevWTYWqeLBWCk4w_85liP4RKb5o9bW34Fa07t3nusCHMFb5pu_LLKmSvGgTGWiVu92pUqI_v7qh78wG1DjU9Y7a0tyrOcn2mOTkJFPz3TYJtrzELwyV1Z2mcNLuJEbaAFn3HPR9Ddvkokx4MFgpPXdayxIQEdzv4sPvJLzw0zSjeUHtSFQ8K-6jLScp1-3KVMCZLIGzMUjq4c3MLFN0gM.u7W5hf2_TkeOmEZ5E-1UBnPwvGVv9UBr5BA1EUBwK34&dib_tag=se&keywords=laptops&qid=1765732586&sprefix=%2Caps%2C4207&sr=8-34&xpid=ptZgsUpiQnze5
"        HP OmniBook 5 16 inch Next Gen AI PC, 2K Touchscreen, Snapdragon X Plus X1P-42-100, 16 GB RAM, 512 GB SSD, Qualcomm Adreno GPU, Windows 11 Home, Copilot+ PC, Glacier Silver, 16-fb0000nr       ","1,045,943",https://www.amazon.com/HP-Touchscreen-Snapdragon-X1P-42-100-16-fb0000nr/dp/B0FKJF9Q6M/ref=sr_1_33?crid=FMW5KOURJI5N&dib=eyJ2IjoiMSJ9.Xhu9PVv2plBFhffYDVXbnRevWTYWqeLBWCk4w_85liP4RKb5o9bW34Fa07t3nusCHMFb5pu_LLKmSvGgTGWiVu92pUqI_v7qh78wG1DjU9Y7a0tyrOcn2mOTkJFPz3TYJtrzELwyV1Z2mcNLuJEbaAFn3HPR9Ddvkokx4MFgpPXdayxIQEdzv4sPvJLzw0zSjeUHtSFQ8K-6jLScp1-3KVMCZLIGzMUjq4c3MLFN0gM.u7W5hf2_TkeOmEZ5E-1UBnPwvGVv9UBr5BA1EUBwK34&dib_tag=se&keywords=laptops&qid=1765732586&sprefix=%2Caps%2C4207&sr=8-33&xpid=ptZgsUpiQnze5
"        HP Stream 14"" HD BrightView Laptop, Intel Processor N150, 16GB RAM, 416GB Storage (128GB eMMC + 288GB Docking Station Set), Intel UHD Graphics, 720p Camera, Wi-Fi, 1 Year Office 365, Win 11 S, Gold       ","448,890",https://www.amazon.com/HP-Stream-BrightView-N4120-Graphics/dp/B0DC6KMWJS/ref=sr_1_32?crid=FMW5KOURJI5N&dib=eyJ2IjoiMSJ9.Xhu9PVv2plBFhffYDVXbnRevWTYWqeLBWCk4w_85liP4RKb5o9bW34Fa07t3nusCHMFb5pu_LLKmSvGgTGWiVu92pUqI_v7qh78wG1DjU9Y7a0tyrOcn2mOTkJFPz3TYJtrzELwyV1Z2mcNLuJEbaAFn3HPR9Ddvkokx4MFgpPXdayxIQEdzv4sPvJLzw0zSjeUHtSFQ8K-6jLScp1-3KVMCZLIGzMUjq4c3MLFN0gM.u7W5hf2_TkeOmEZ5E-1UBnPwvGVv9UBr5BA1EUBwK34&dib_tag=se&keywords=laptops&qid=1765732586&sprefix=%2Caps%2C4207&sr=8-32&xpid=ptZgsUpiQnze5
"        jumper 17.6 Inch Laptop, 4-Core N95 CPU, 16GB DDR5 RAM 640GB SSD, Windows 11 Laptops Computer with 1920 * 1200 IPS FHD Display, Office 365, Backlit Keyboard, WiFi 6, Full-Featured Type-C       ","624,655",https://www.amazon.com/jumper-Windows-Computer-Keyboard-Full-Featured/dp/B0FX4XN2S6/ref=sr_1_17_sspa?crid=FMW5KOURJI5N&dib=eyJ2IjoiMSJ9.RSlx16ZhW1Eq97XynOsA7EdJZOHhTHE_fgJ1qqNeW_uU09hTRBcI25SzM6AsLwhC8hDB8aK6sa7p28wipEzMlnY-Crh5WqUxi0IMZ4hYK4TJzifWxrfscY3YxnriCg8zGEK4EvUoyk_liT_mjpsLw9td5SHzORWcxJC9tgHP6F12jkm-m_GD973LTdru5STmSV70IOkmYmuiSc4fk70HIoQ16RQ6plc6fobJSCkDJSY.gNQGmxetP3yCfdSFiIVPPdyKDkyVFH4lanwkP4LYkdw&dib_tag=se&keywords=laptops&qid=1765732495&sprefix=%2Caps%2C4207&sr=8-17-spons&sp_csd=d2lkZ2V0TmFtZT1zcF9tdGY&psc=1
"        Lenovo IdeaPad Laptop with Microsoft Office, 12GB RAM, 1.2TB(1TB Cloud & 256GB Storage), Intel High Performance CPU, 11 Hour Battery, SD-Card Reader, Webcam + USB-C, WOWPC Recovery USB, Windows 11       ","542,757",https://www.amazon.com/Lenovo-ThinkPad-E14-5700U%EF%BC%88Up-Fingerprint/dp/B0F258Z23V/ref=sr_1_31?crid=FMW5KOURJI5N&dib=eyJ2IjoiMSJ9.Xhu9PVv2plBFhffYDVXbnRevWTYWqeLBWCk4w_85liP4RKb5o9bW34Fa07t3nusCHMFb5pu_LLKmSvGgTGWiVu92pUqI_v7qh78wG1DjU9Y7a0tyrOcn2mOTkJFPz3TYJtrzELwyV1Z2mcNLuJEbaAFn3HPR9Ddvkokx4MFgpPXdayxIQEdzv4sPvJLzw0zSjeUHtSFQ8K-6jLScp1-3KVMCZLIGzMUjq4c3MLFN0gM.u7W5hf2_TkeOmEZ5E-1UBnPwvGVv9UBr5BA1EUBwK34&dib_tag=se&keywords=laptops&qid=1765732586&sprefix=%2Caps%2C4207&sr=8-31&xpid=ptZgsUpiQnze5
"        Dell 15 Laptop DC15250-15.6-inch FHD (1920x1080) 120Hz Display, Intel Core i5-1334U Processor, 16GB DDR4 RAM, 512GB SSD, Intel UHD Graphics, Windows 11 Home, Onsite Service - Platinum Silver       ","797,543",https://www.amazon.com/Dell-DC15250-15-6-inch-1920x1080-i5-1334U-Processor/dp/B0F167PYK7/ref=sr_1_30?crid=FMW5KOURJI5N&dib=eyJ2IjoiMSJ9.Xhu9PVv2plBFhffYDVXbnRevWTYWqeLBWCk4w_85liP4RKb5o9bW34Fa07t3nusCHMFb5pu_LLKmSvGgTGWiVu92pUqI_v7qh78wG1DjU9Y7a0tyrOcn2mOTkJFPz3TYJtrzELwyV1Z2mcNLuJEbaAFn3HPR9Ddvkokx4MFgpPXdayxIQEdzv4sPvJLzw0zSjeUHtSFQ8K-6jLScp1-3KVMCZLIGzMUjq4c3MLFN0gM.u7W5hf2_TkeOmEZ5E-1UBnPwvGVv9UBr5BA1EUBwK34&dib_tag=se&keywords=laptops&qid=1765732586&sprefix=%2Caps%2C4207&sr=8-30&xpid=ptZgsUpiQnze5
"        HP 17t Laptop Computer, 17.3"" FHD(1920×1080), Intel 10-Core i5-1334U, Backlit KB, Fingerprint, Window 11 Pro Laptop for Business & Students, Redragon Patent Kit, 16GB RAM, 1TB SSD       ","1,247,886",https://www.amazon.com/HP-Laptop-Computer-1920%C3%971080-Fingerprint/dp/B0FZ9VZZJF/ref=sr_1_29?crid=FMW5KOURJI5N&dib=eyJ2IjoiMSJ9.Xhu9PVv2plBFhffYDVXbnRevWTYWqeLBWCk4w_85liP4RKb5o9bW34Fa07t3nusCHMFb5pu_LLKmSvGgTGWiVu92pUqI_v7qh78wG1DjU9Y7a0tyrOcn2mOTkJFPz3TYJtrzELwyV1Z2mcNLuJEbaAFn3HPR9Ddvkokx4MFgpPXdayxIQEdzv4sPvJLzw0zSjeUHtSFQ8K-6jLScp1-3KVMCZLIGzMUjq4c3MLFN0gM.u7W5hf2_TkeOmEZ5E-1UBnPwvGVv9UBr5BA1EUBwK34&dib_tag=se&keywords=laptops&qid=1765732586&sprefix=%2Caps%2C4207&sr=8-29&xpid=ptZgsUpiQnze5
"        127W Surface Book Charger Compatible with Microsoft Surface Book 3 2 1, Surface Pro 10 9, 8, 7+, 7, 6, 5, 4, 3, X, Windows Surface Laptop/Go, Surface Laptop Studio 2, 1 Power Supply Cord       ","53,736",https://www.amazon.com/Surface-Charger-Replacement-Microsoft-Windows/dp/B0DSPL1D16/ref=sr_1_38_sspa?crid=FMW5KOURJI5N&dib=eyJ2IjoiMSJ9.Xhu9PVv2plBFhffYDVXbnRevWTYWqeLBWCk4w_85liP4RKb5o9bW34Fa07t3nusCHMFb5pu_LLKmSvGgTGWiVu92pUqI_v7qh78wG1DjU9Y7a0tyrOcn2mOTkJFPz3TYJtrzELwyV1Z2mcNLuJEbaAFn3HPR9Ddvkokx4MFgpPXdayxIQEdzv4sPvJLzw0zSjeUHtSFQ8K-6jLScp1-3KVMCZLIGzMUjq4c3MLFN0gM.u7W5hf2_TkeOmEZ5E-1UBnPwvGVv9UBr5BA1EUBwK34&dib_tag=se&keywords=laptops&qid=1765732586&sprefix=%2Caps%2C4207&sr=8-38-spons&xpid=ptZgsUpiQnze5&sp_csd=d2lkZ2V0TmFtZT1zcF9idGY&psc=1
"        100W Car Charger, Laptop Car Charger Compatible with Dell Latitude/Precision/XPS, Compatible with MacBook Pro/Air, Compatible with HP Spectre/Elitebook, Compatible with Samsung DC Adapter       ","33,107",https://www.amazon.com/Charger-Compatible-Latitude-Precision-Elitebook/dp/B0CGDPSYMD/ref=sr_1_37_sspa?crid=FMW5KOURJI5N&dib=eyJ2IjoiMSJ9.Xhu9PVv2plBFhffYDVXbnRevWTYWqeLBWCk4w_85liP4RKb5o9bW34Fa07t3nusCHMFb5pu_LLKmSvGgTGWiVu92pUqI_v7qh78wG1DjU9Y7a0tyrOcn2mOTkJFPz3TYJtrzELwyV1Z2mcNLuJEbaAFn3HPR9Ddvkokx4MFgpPXdayxIQEdzv4sPvJLzw0zSjeUHtSFQ8K-6jLScp1-3KVMCZLIGzMUjq4c3MLFN0gM.u7W5hf2_TkeOmEZ5E-1UBnPwvGVv9UBr5BA1EUBwK34&dib_tag=se&keywords=laptops&qid=1765732586&sprefix=%2Caps%2C4207&sr=8-37-spons&xpid=ptZgsUpiQnze5&sp_csd=d2lkZ2V0TmFtZT1zcF9idGY&psc=1
"        HP Portable 15'' HD Micro-Edge IPS Laptop, Intel Pentium Processor Up to 3.68GHz, 4GB DDR4, 128GB SSD, HDMI, Webcam, Ultra-Fast 6th Gen WiFi, Windows 11 OS, Dale Blue, Renewed       ","682,327",https://www.amazon.com/HP-15-Micro-Edge-Laptop-Ultra-Fast/dp/B0FXHXB878/ref=sr_1_48?crid=FMW5KOURJI5N&dib=eyJ2IjoiMSJ9.FEwoSdd3P5vpogz3Ha1wjYeq-baN_OM1bzSeXSd6tmWK_U7lKKyQ5R0YPMGI-ev7Wst6D1R7ssA3kJ6_xqZNRNqiAVjqfYWxTjten-zfvi9sPc2HdRJ2CC0jWqEtzNHDyJoy6J19Jg0HHX3j1DZ6p6JifaJmMOLSRBHIsOvPogEL36v_0vJScHI2dDGC066e_1rgkX_TdIA_7WkQk0B_zdQxDen3pJunenpNTplUJQg.2qLR8JDoeqQv0yDPoxT8fqHd5OagQia19ovoyrHynqo&dib_tag=se&keywords=laptops&qid=1765732690&sprefix=%2Caps%2C4207&sr=8-48&xpid=ptZgsUpiQnze5
"        HP Ultra Slim Laptop for Students and Business | 1 Year Office 365 | 1.1TB Storage (1TB Cloud and 64GB Hard Drive) | Intel Quad-Core, 8GB RAM | Windows 11 Home w/o Earbuds       ","403,186",https://www.amazon.com/HP-Students-Business-Storage-Quad-Core/dp/B0FHHSFD3P/ref=sr_1_47?crid=FMW5KOURJI5N&dib=eyJ2IjoiMSJ9.FEwoSdd3P5vpogz3Ha1wjYeq-baN_OM1bzSeXSd6tmWK_U7lKKyQ5R0YPMGI-ev7Wst6D1R7ssA3kJ6_xqZNRNqiAVjqfYWxTjten-zfvi9sPc2HdRJ2CC0jWqEtzNHDyJoy6J19Jg0HHX3j1DZ6p6JifaJmMOLSRBHIsOvPogEL36v_0vJScHI2dDGC066e_1rgkX_TdIA_7WkQk0B_zdQxDen3pJunenpNTplUJQg.2qLR8JDoeqQv0yDPoxT8fqHd5OagQia19ovoyrHynqo&dib_tag=se&keywords=laptops&qid=1765732690&sprefix=%2Caps%2C4207&sr=8-47&xpid=ptZgsUpiQnze5
"        HP Pavilion 15.6"" FHD Touch Screen 2025 Upgraded Laptop Computer |Intel Core i5-1334U(10-Core)| 32GB RAM|1TB SSD + 128GB Portable SSD| Webcam| Long-Battery Life| Numeric KB| Windows 11| RK Bundle       ","604,788",https://www.amazon.com/HP-Pavilion-Upgraded-Computer-Long-Battery/dp/B0FJWMPBJ2/ref=sr_1_46?crid=FMW5KOURJI5N&dib=eyJ2IjoiMSJ9.FEwoSdd3P5vpogz3Ha1wjYeq-baN_OM1bzSeXSd6tmWK_U7lKKyQ5R0YPMGI-ev7Wst6D1R7ssA3kJ6_xqZNRNqiAVjqfYWxTjten-zfvi9sPc2HdRJ2CC0jWqEtzNHDyJoy6J19Jg0HHX3j1DZ6p6JifaJmMOLSRBHIsOvPogEL36v_0vJScHI2dDGC066e_1rgkX_TdIA_7WkQk0B_zdQxDen3pJunenpNTplUJQg.2qLR8JDoeqQv0yDPoxT8fqHd5OagQia19ovoyrHynqo&dib_tag=se&keywords=laptops&qid=1765732690&sprefix=%2Caps%2C4207&sr=8-46&xpid=ptZgsUpiQnze5
"        HP 255 G10 15.6"" FHD Business Laptop, AMD Ryzen 7 7730U, 32GB RAM, 1TB PCIe SSD, Numeric Keypad, Webcam, Wi-Fi 6, HDMI, Windows 11 Pro, Black       ","899,233",https://www.amazon.com/HP-Newest-Business-Numeric-Windows/dp/B0D4RH881B/ref=sr_1_45?crid=FMW5KOURJI5N&dib=eyJ2IjoiMSJ9.FEwoSdd3P5vpogz3Ha1wjYeq-baN_OM1bzSeXSd6tmWK_U7lKKyQ5R0YPMGI-ev7Wst6D1R7ssA3kJ6_xqZNRNqiAVjqfYWxTjten-zfvi9sPc2HdRJ2CC0jWqEtzNHDyJoy6J19Jg0HHX3j1DZ6p6JifaJmMOLSRBHIsOvPogEL36v_0vJScHI2dDGC066e_1rgkX_TdIA_7WkQk0B_zdQxDen3pJunenpNTplUJQg.2qLR8JDoeqQv0yDPoxT8fqHd5OagQia19ovoyrHynqo&dib_tag=se&keywords=laptops&qid=1765732690&sprefix=%2Caps%2C4207&sr=8-45&xpid=ptZgsUpiQnze5
"        HP Chromebook 14 Laptop, Intel Celeron N4000 Processor, 4 GB RAM, 32 GB eMMC, 14” HD Display, Chrome, Lightweight Computer with Webcam and Dual Mics, Home, School, Music, Movies (14a-na0021nr, 2021)       ","243,911",https://www.amazon.com/HP-Chromebook-Processor-Lightweight-14a-na0021nr/dp/B08YKGZF7P/ref=sr_1_44?crid=FMW5KOURJI5N&dib=eyJ2IjoiMSJ9.FEwoSdd3P5vpogz3Ha1wjYeq-baN_OM1bzSeXSd6tmWK_U7lKKyQ5R0YPMGI-ev7Wst6D1R7ssA3kJ6_xqZNRNqiAVjqfYWxTjten-zfvi9sPc2HdRJ2CC0jWqEtzNHDyJoy6J19Jg0HHX3j1DZ6p6JifaJmMOLSRBHIsOvPogEL36v_0vJScHI2dDGC066e_1rgkX_TdIA_7WkQk0B_zdQxDen3pJunenpNTplUJQg.2qLR8JDoeqQv0yDPoxT8fqHd5OagQia19ovoyrHynqo&dib_tag=se&keywords=laptops&qid=1765732690&sprefix=%2Caps%2C4207&sr=8-44&xpid=ptZgsUpiQnze5
"        Dell Latitude 5340 Multi-Touch 2-in-1 Laptop 13.3"" FHD, Intel Core i7-1365U, 32GB RAM, 1TB NVMe SSD, Webcam, AX Wi-Fi, BT, Backlit Keyboard, Thunderbolt, HDMI, USB C, Windows 11 Pro, Notebook Grey       ","1,597,977",https://www.amazon.com/Dell-Latitude-5340-Multi-Touch-Thunderbolt/dp/B0F4G12LS2/ref=sr_1_43?crid=FMW5KOURJI5N&dib=eyJ2IjoiMSJ9.FEwoSdd3P5vpogz3Ha1wjYeq-baN_OM1bzSeXSd6tmWK_U7lKKyQ5R0YPMGI-ev7Wst6D1R7ssA3kJ6_xqZNRNqiAVjqfYWxTjten-zfvi9sPc2HdRJ2CC0jWqEtzNHDyJoy6J19Jg0HHX3j1DZ6p6JifaJmMOLSRBHIsOvPogEL36v_0vJScHI2dDGC066e_1rgkX_TdIA_7WkQk0B_zdQxDen3pJunenpNTplUJQg.2qLR8JDoeqQv0yDPoxT8fqHd5OagQia19ovoyrHynqo&dib_tag=se&keywords=laptops&qid=1765732690&sprefix=%2Caps%2C4207&sr=8-43&xpid=ptZgsUpiQnze5
"        HP 2023 Chromebook Laptop, 14 Inch Display, Intel Celeron N4120 Processor, 4GB RAM, 64GB eMMC, Intel UHD Graphics 600, WiFi, Bluetooth, Chrome OS, Modern Gray       ","230,982",https://www.amazon.com/HP-Chromebook-Processor-Graphics-Bluetooth/dp/B0C7MR5RDH/ref=sr_1_42?crid=FMW5KOURJI5N&dib=eyJ2IjoiMSJ9.FEwoSdd3P5vpogz3Ha1wjYeq-baN_OM1bzSeXSd6tmWK_U7lKKyQ5R0YPMGI-ev7Wst6D1R7ssA3kJ6_xqZNRNqiAVjqfYWxTjten-zfvi9sPc2HdRJ2CC0jWqEtzNHDyJoy6J19Jg0HHX3j1DZ6p6JifaJmMOLSRBHIsOvPogEL36v_0vJScHI2dDGC066e_1rgkX_TdIA_7WkQk0B_zdQxDen3pJunenpNTplUJQg.2qLR8JDoeqQv0yDPoxT8fqHd5OagQia19ovoyrHynqo&dib_tag=se&keywords=laptops&qid=1765732690&sprefix=%2Caps%2C4207&sr=8-42&xpid=ptZgsUpiQnze5
"        Laptop, 14 inch Laptop Computer 16GB RAM 512GB SSD Pentium 6500Y (Up to 3.4GHz), FHD IPS Display (1920×1080) Lightweight Portable for Business, Students & Home Office Laptops       ","522,964",https://www.amazon.com/EvoSpan-Computer-1920%C3%971080-Lightweight-Portable/dp/B0FWQLJH2M/ref=sxin_23_pa_sp_search_thematic_sspa?content-id=amzn1.sym.f669072f-b9c1-4a77-8b55-78a95ffffbc2%3Aamzn1.sym.f669072f-b9c1-4a77-8b55-78a95ffffbc2&crid=FMW5KOURJI5N&cv_ct_cx=laptops&keywords=laptops&pd_rd_i=B0FWQLJH2M&pd_rd_r=f979d58a-2aae-45fb-98a0-c20e507bf99c&pd_rd_w=Nm2Cy&pd_rd_wg=MdYxy&pf_rd_p=f669072f-b9c1-4a77-8b55-78a95ffffbc2&pf_rd_r=YZTT0FYHYNWHEMTVXKQ7&qid=1765732586&sbo=RZvfv%2F%2FHxDF%2BO5021pAnSA%3D%3D&sprefix=%2Caps%2C4207&sr=1-21-d1d87218-35d9-414f-9801-db7973c52143-spons&xpid=ptZgsUpiQnze5&aref=7bgGUe0VmR&sp_csd=d2lkZ2V0TmFtZT1zcF9zZWFyY2hfdGhlbWF0aWM&psc=1
"        15.6 Inch Laptop Computer, Laptop with Gold 6500Y (Beat N5095, Up to 3.4GHz), 32GB RAM 1TB SSD, 1080P FHD IPS Display, Bluetooth, WiFi, HDMI, Type-C, 38WH Battery, Laptops       ","464,855",https://www.amazon.com/SHBIV-Computer-6500Y-Display-Bluetooth/dp/B0FVSDWDC3/ref=sxin_23_pa_sp_search_thematic_sspa?content-id=amzn1.sym.f669072f-b9c1-4a77-8b55-78a95ffffbc2%3Aamzn1.sym.f669072f-b9c1-4a77-8b55-78a95ffffbc2&crid=FMW5KOURJI5N&cv_ct_cx=laptops&keywords=laptops&pd_rd_i=B0FVSDWDC3&pd_rd_r=f979d58a-2aae-45fb-98a0-c20e507bf99c&pd_rd_w=Nm2Cy&pd_rd_wg=MdYxy&pf_rd_p=f669072f-b9c1-4a77-8b55-78a95ffffbc2&pf_rd_r=YZTT0FYHYNWHEMTVXKQ7&qid=1765732586&sbo=RZvfv%2F%2FHxDF%2BO5021pAnSA%3D%3D&sprefix=%2Caps%2C4207&sr=1-20-d1d87218-35d9-414f-9801-db7973c52143-spons&xpid=ptZgsUpiQnze5&aref=CyB5UAvKb7&sp_csd=d2lkZ2V0TmFtZT1zcF9zZWFyY2hfdGhlbWF0aWM&psc=1
"        Laptop, Ιntel N150 Processor (Up to 3.6GHz), 16GB RAM 512GB NVMe SSD, 15.6"" FHD Display Laptop Computer, Home/Business/Student Laptop, Metal Shell, USB3.2, HDMI       ","508,437",https://www.amazon.com/KAIGERR-Processor-Display-Computer-Business/dp/B0FYFMJC8K/ref=sxin_23_pa_sp_search_thematic_sspa?content-id=amzn1.sym.f669072f-b9c1-4a77-8b55-78a95ffffbc2%3Aamzn1.sym.f669072f-b9c1-4a77-8b55-78a95ffffbc2&crid=FMW5KOURJI5N&cv_ct_cx=laptops&keywords=laptops&pd_rd_i=B0FYFMJC8K&pd_rd_r=f979d58a-2aae-45fb-98a0-c20e507bf99c&pd_rd_w=Nm2Cy&pd_rd_wg=MdYxy&pf_rd_p=f669072f-b9c1-4a77-8b55-78a95ffffbc2&pf_rd_r=YZTT0FYHYNWHEMTVXKQ7&qid=1765732586&sbo=RZvfv%2F%2FHxDF%2BO5021pAnSA%3D%3D&sprefix=%2Caps%2C4207&sr=1-19-d1d87218-35d9-414f-9801-db7973c52143-spons&xpid=ptZgsUpiQnze5&aref=CfcZ1CbXmt&sp_csd=d2lkZ2V0TmFtZT1zcF9zZWFyY2hfdGhlbWF0aWM&psc=1
"        HP Essential 17t Business Laptop, 17.3"" HD+ Touchscreen Display, Intel Core i7-1355U (> R5 7430U) High-Performance Tier Processor, 64GB RAM, 2TB SSD, HDMI, Fingerprint Reader, Wi-Fi 6, Windows 11 Home       ","1,550,763",https://www.amazon.com/HP-Premium-Touchscreen-i7-1355U-Windows/dp/B0CC6JPMQ5/ref=sr_1_41?crid=FMW5KOURJI5N&dib=eyJ2IjoiMSJ9.FEwoSdd3P5vpogz3Ha1wjYeq-baN_OM1bzSeXSd6tmWK_U7lKKyQ5R0YPMGI-ev7Wst6D1R7ssA3kJ6_xqZNRNqiAVjqfYWxTjten-zfvi9sPc2HdRJ2CC0jWqEtzNHDyJoy6J19Jg0HHX3j1DZ6p6JifaJmMOLSRBHIsOvPogEL36v_0vJScHI2dDGC066e_1rgkX_TdIA_7WkQk0B_zdQxDen3pJunenpNTplUJQg.2qLR8JDoeqQv0yDPoxT8fqHd5OagQia19ovoyrHynqo&dib_tag=se&keywords=laptops&qid=1765732690&sprefix=%2Caps%2C4207&sr=8-41&xpid=ptZgsUpiQnze5
"        HP 17 Inch Business Laptop 2025 Thanksgiving Limited Edition, 17.3'' FHD IPS Anti-Glare Display, AMD Ryzen 5 7430U (Beats Core i7-1355U), 16GB RAM, 2TB SSD, HDMI, Windows 11 Home, Wi-Fi 6, WOWPC USB       ","511,741",https://www.amazon.com/HP-Business-Laptop-Thanksgiving-Anti-Glare/dp/B0FV137MSM/ref=sr_1_68?crid=FMW5KOURJI5N&dib=eyJ2IjoiMSJ9.Ui46TX2-rfEOSAE1Ht02os1xIAfg_bl5KsEJqNYawja4FdOLxScNq7LZdhqsn406BHSYxbM-eIF7QY4JOGg_5TjZGarwFouOyy_GEDIWl1kJaI5E0ZQGgtCYb8MdcIyIZrrFNOQK0yyh5KIdGyR8ZwynmXp1wLABo7gP2MkvFv52uCcwQ_H620KLEQt2XVJX_64DdAbFteQk_jbmFPKdPhQeRhsDijQb6t_LrtTs8a8.ZSjFWYm6P3UxuOyP42rqE1mpzQjrIITIE-abr7dkDjw&dib_tag=se&keywords=laptops&qid=1765732805&sprefix=%2Caps%2C4207&sr=8-68&xpid=ptZgsUpiQnze5
"        Lenovo ThinkPad E16 G2 Business Laptop Computer, 16"" FHD+, AMD 8-Core Ryzen 7 7735HS (Beat i7-1360P), 32GB DDR5, 1TB PCIe SSD, WiFi 6E, Fingerprint Reader, Backlit Keyboard, Windows 11 Pro, AZ-XUT       ","1,335,049",https://www.amazon.com/Lenovo-ThinkPad-E16-Business-Fingerprint/dp/B0F143FZLT/ref=sr_1_67?crid=FMW5KOURJI5N&dib=eyJ2IjoiMSJ9.Ui46TX2-rfEOSAE1Ht02os1xIAfg_bl5KsEJqNYawja4FdOLxScNq7LZdhqsn406BHSYxbM-eIF7QY4JOGg_5TjZGarwFouOyy_GEDIWl1kJaI5E0ZQGgtCYb8MdcIyIZrrFNOQK0yyh5KIdGyR8ZwynmXp1wLABo7gP2MkvFv52uCcwQ_H620KLEQt2XVJX_64DdAbFteQk_jbmFPKdPhQeRhsDijQb6t_LrtTs8a8.ZSjFWYm6P3UxuOyP42rqE1mpzQjrIITIE-abr7dkDjw&dib_tag=se&keywords=laptops&qid=1765732805&sprefix=%2Caps%2C4207&sr=8-67&xpid=ptZgsUpiQnze5
        HP 14 Ultrabook • Back to School Limited Edition w/Microsoft 365 • Intel 4-Core CPU • 32GB RAM • 1.6TB Storage (128GB OnBoard w/ 512GB Portable Drive + 1TB OneDrive) • Win 11       ,"558,264",https://www.amazon.com/HP-Ultrabook-Microsoft-Portable-OneDrive/dp/B0FCYWPVDW/ref=sr_1_66?crid=FMW5KOURJI5N&dib=eyJ2IjoiMSJ9.Ui46TX2-rfEOSAE1Ht02os1xIAfg_bl5KsEJqNYawja4FdOLxScNq7LZdhqsn406BHSYxbM-eIF7QY4JOGg_5TjZGarwFouOyy_GEDIWl1kJaI5E0ZQGgtCYb8MdcIyIZrrFNOQK0yyh5KIdGyR8ZwynmXp1wLABo7gP2MkvFv52uCcwQ_H620KLEQt2XVJX_64DdAbFteQk_jbmFPKdPhQeRhsDijQb6t_LrtTs8a8.ZSjFWYm6P3UxuOyP42rqE1mpzQjrIITIE-abr7dkDjw&dib_tag=se&keywords=laptops&qid=1765732805&sprefix=%2Caps%2C4207&sr=8-66&xpid=ptZgsUpiQnze5
"        HP 15.6"" Touchscreen Business Laptop Computer, Intel 10-Core i7-1355U (Up to 5.0GHz), 16GB RAM, 1tB SSD, FHD IPS Touchscreen, Private Webcam, Intel Iris Xe, WiFi 6, Win 11 Pro w/GM Gaming Mouse       ","511,741",https://www.amazon.com/HP-Touchscreen-Business-Computer-i7-1355U/dp/B0FXL1M66L/ref=sr_1_65?crid=FMW5KOURJI5N&dib=eyJ2IjoiMSJ9.Ui46TX2-rfEOSAE1Ht02os1xIAfg_bl5KsEJqNYawja4FdOLxScNq7LZdhqsn406BHSYxbM-eIF7QY4JOGg_5TjZGarwFouOyy_GEDIWl1kJaI5E0ZQGgtCYb8MdcIyIZrrFNOQK0yyh5KIdGyR8ZwynmXp1wLABo7gP2MkvFv52uCcwQ_H620KLEQt2XVJX_64DdAbFteQk_jbmFPKdPhQeRhsDijQb6t_LrtTs8a8.ZSjFWYm6P3UxuOyP42rqE1mpzQjrIITIE-abr7dkDjw&dib_tag=se&keywords=laptops&qid=1765732805&sprefix=%2Caps%2C4207&sr=8-65&xpid=ptZgsUpiQnze5
"        Pink Laptop,15.6 Inch Laptop Computer,12GB RAM 512GB SSD,4-Cores N150 Processor(Beat to N95,N5095),Up to 3.6 GHz,WiFi6,BT5.2,Webcam,USB-C,Gifts for Women       ","378,898",https://www.amazon.com/VIGSENUP-Laptop-Computer-4-Cores-Processor/dp/B0F6SZ1P95/ref=sxin_23_pa_sp_search_thematic_sspa?content-id=amzn1.sym.6ba39666-3578-470a-8b98-5682d748aaeb%3Aamzn1.sym.6ba39666-3578-470a-8b98-5682d748aaeb&crid=FMW5KOURJI5N&cv_ct_cx=laptops&keywords=laptops&pd_rd_i=B0F6SZ1P95&pd_rd_r=3cce829c-f143-4749-bb9f-73fbf5a76594&pd_rd_w=n6fP1&pd_rd_wg=BLTTf&pf_rd_p=6ba39666-3578-470a-8b98-5682d748aaeb&pf_rd_r=Q4CVX5EE27X4TNPB7S39&qid=1765732690&sbo=9ZOMT9Jm0JH%2Ft%2BWi68iDSA%3D%3D&sprefix=%2Caps%2C4207&sr=1-37-f853d353-bf33-45e7-b5c2-2cb2b31abc9b-spons&xpid=ptZgsUpiQnze5&aref=Mk0pbsKaMc&sp_csd=d2lkZ2V0TmFtZT1zcF9zZWFyY2hfdGhlbWF0aWM&psc=1
"        18.5 Inch Laptop Computer with 8000 mAh Battery,Intel N150 Quad-Core Processor UP to 3.6GHZ,16GB DDR4 RAM 512GB SSD,WiFi 5,Full HD IPS Display,WIFI,2025 Windows 11 Laptops for Business Office Student       ","639,182",https://www.amazon.com/Computer-Battery-Quad-Core-Processor-Business/dp/B0G47FY4BD/ref=sxin_23_pa_sp_search_thematic_sspa?content-id=amzn1.sym.6ba39666-3578-470a-8b98-5682d748aaeb%3Aamzn1.sym.6ba39666-3578-470a-8b98-5682d748aaeb&crid=FMW5KOURJI5N&cv_ct_cx=laptops&keywords=laptops&pd_rd_i=B0G47FY4BD&pd_rd_r=3cce829c-f143-4749-bb9f-73fbf5a76594&pd_rd_w=n6fP1&pd_rd_wg=BLTTf&pf_rd_p=6ba39666-3578-470a-8b98-5682d748aaeb&pf_rd_r=Q4CVX5EE27X4TNPB7S39&qid=1765732690&sbo=RZvfv%2F%2FHxDF%2BO5021pAnSA%3D%3D&sprefix=%2Caps%2C4207&sr=1-36-f853d353-bf33-45e7-b5c2-2cb2b31abc9b-spons&xpid=ptZgsUpiQnze5&aref=oywC6UNGXQ&sp_csd=d2lkZ2V0TmFtZT1zcF9zZWFyY2hfdGhlbWF0aWM&psc=1
